                  epoch,         train/box_loss,         train/cls_loss,         train/dfl_loss,   metrics/precision(B),      metrics/recall(B),       metrics/mAP50(B),    metrics/mAP50-95(B),           val/box_loss,           val/cls_loss,           val/dfl_loss,                 lr/pg0,                 lr/pg1,                 lr/pg2
                      0,                 1.6117,                 2.0607,                  1.584,                0.56945,                0.47666,                0.49143,                0.24369,                 1.7126,                 1.7836,                 1.6043,               0.003329,               0.003329,               0.003329
                      1,                 1.5305,                 1.5548,                 1.4859,                 0.4975,                0.41022,                0.40255,                 0.1837,                 1.9242,                  2.048,                 1.7574,              0.0066492,              0.0066492,              0.0066492
                      2,                 1.6137,                 1.6468,                 1.5456,                0.48501,                0.41183,                0.39424,                0.17831,                 1.9719,                 2.1599,                 1.8648,              0.0099561,              0.0099561,              0.0099561
                      3,                 1.6636,                  1.714,                 1.5808,                0.50392,                0.44648,                0.44299,                0.20983,                 1.9026,                 1.9355,                 1.8069,              0.0099406,              0.0099406,              0.0099406
                      4,                 1.6083,                 1.6318,                 1.5604,                0.53153,                0.48057,                0.49211,                0.24618,                  1.758,                 1.8023,                  1.679,              0.0099406,              0.0099406,              0.0099406
                      5,                 1.5724,                 1.5684,                 1.5332,                0.59035,                0.50365,                0.53015,                0.26753,                 1.7203,                 1.6814,                 1.6812,              0.0099208,              0.0099208,              0.0099208
                      6,                 1.5437,                 1.5164,                 1.5157,                0.60002,                0.53734,                0.55692,                0.28215,                 1.7148,                 1.6474,                 1.6452,               0.009901,               0.009901,               0.009901
                      7,                  1.517,                 1.4687,                 1.4934,                0.62681,                0.55148,                0.58971,                0.30877,                 1.6686,                  1.512,                 1.6402,              0.0098812,              0.0098812,              0.0098812
                      8,                  1.515,                 1.4477,                 1.4909,                 0.6102,                0.53641,                0.57103,                0.29273,                 1.6795,                  1.582,                 1.6269,              0.0098614,              0.0098614,              0.0098614
                      9,                 1.4915,                 1.4225,                 1.4719,                0.64299,                0.57273,                0.61604,                0.32374,                 1.6244,                 1.5146,                 1.5803,              0.0098416,              0.0098416,              0.0098416
                     10,                 1.4854,                 1.3993,                 1.4642,                0.64145,                0.58573,                  0.621,                0.32932,                 1.6115,                 1.4873,                 1.5647,              0.0098218,              0.0098218,              0.0098218
                     11,                 1.4646,                 1.3603,                 1.4513,                0.64482,                0.57022,                0.61974,                0.33247,                 1.6005,                 1.4759,                 1.5651,               0.009802,               0.009802,               0.009802
                     12,                 1.4557,                 1.3479,                 1.4498,                0.65472,                0.59198,                0.63606,                0.34147,                 1.5869,                  1.447,                  1.548,              0.0097822,              0.0097822,              0.0097822
                     13,                 1.4452,                 1.3297,                 1.4426,                0.66485,                0.58405,                 0.6398,                0.34743,                  1.577,                 1.4373,                  1.541,              0.0097624,              0.0097624,              0.0097624
                     14,                 1.4334,                 1.3106,                 1.4292,                 0.6679,                0.60463,                0.64934,                0.34477,                 1.5782,                 1.3872,                 1.5708,              0.0097426,              0.0097426,              0.0097426
                     15,                 1.4308,                 1.3015,                 1.4263,                0.70355,                0.60614,                0.67105,                0.36458,                 1.5742,                 1.3567,                 1.5267,              0.0097228,              0.0097228,              0.0097228
                     16,                 1.4195,                 1.2792,                 1.4217,                0.68917,                0.62391,                 0.6731,                0.36814,                 1.5549,                 1.3372,                  1.511,               0.009703,               0.009703,               0.009703
                     17,                 1.4173,                 1.2786,                 1.4209,                0.67882,                0.62202,                0.66529,                0.36548,                  1.547,                 1.3347,                 1.5048,              0.0096832,              0.0096832,              0.0096832
                     18,                  1.405,                 1.2678,                 1.4099,                0.68727,                0.61295,                0.66291,                0.36523,                 1.5309,                 1.3242,                 1.5089,              0.0096634,              0.0096634,              0.0096634
                     19,                 1.3955,                 1.2435,                 1.3972,                0.68243,                0.63009,                0.67134,                0.37045,                 1.5349,                 1.3101,                  1.506,              0.0096436,              0.0096436,              0.0096436
                     20,                 1.3955,                 1.2295,                 1.4012,                 0.6924,                0.62469,                0.68269,                0.38002,                 1.5317,                 1.2838,                 1.5082,              0.0096238,              0.0096238,              0.0096238
                     21,                 1.3808,                 1.2293,                   1.39,                0.69894,                0.62328,                0.68209,                0.37831,                 1.5164,                 1.2895,                 1.4857,               0.009604,               0.009604,               0.009604
                     22,                 1.3868,                 1.2219,                 1.3881,                0.70095,                0.63147,                0.68338,                0.38192,                 1.5096,                 1.2834,                 1.4806,              0.0095842,              0.0095842,              0.0095842
                     23,                 1.3787,                 1.1987,                  1.387,                0.70096,                0.64071,                0.69716,                0.38914,                 1.5147,                 1.2523,                  1.481,              0.0095644,              0.0095644,              0.0095644
                     24,                 1.3728,                 1.2034,                 1.3811,                0.68988,                0.64241,                0.69052,                0.38506,                 1.5075,                 1.2739,                 1.4774,              0.0095446,              0.0095446,              0.0095446
                     25,                 1.3643,                 1.1812,                 1.3803,                0.69871,                0.65283,                0.70433,                 0.3962,                 1.5056,                 1.2277,                  1.474,              0.0095248,              0.0095248,              0.0095248
                     26,                 1.3649,                 1.1808,                 1.3768,                0.71731,                0.63852,                0.70409,                0.39635,                 1.4947,                  1.244,                 1.4678,               0.009505,               0.009505,               0.009505
                     27,                 1.3562,                 1.1748,                 1.3684,                0.73804,                0.64087,                 0.7078,                0.39987,                 1.4919,                 1.2113,                 1.4501,              0.0094852,              0.0094852,              0.0094852
                     28,                 1.3528,                 1.1608,                 1.3662,                0.72503,                0.63872,                0.70681,                0.39988,                  1.492,                 1.2187,                 1.4626,              0.0094654,              0.0094654,              0.0094654
                     29,                 1.3492,                 1.1598,                 1.3622,                0.72733,                 0.6497,                0.71147,                 0.3999,                 1.4814,                 1.2271,                 1.4481,              0.0094456,              0.0094456,              0.0094456
                     30,                 1.3385,                 1.1412,                 1.3549,                0.72382,                0.64712,                0.71213,                0.40452,                 1.4776,                 1.2115,                 1.4445,              0.0094258,              0.0094258,              0.0094258
                     31,                 1.3362,                  1.141,                 1.3549,                0.72825,                0.65768,                0.72134,                0.41112,                 1.4748,                 1.1934,                 1.4479,               0.009406,               0.009406,               0.009406
                     32,                 1.3431,                 1.1381,                 1.3567,                0.73042,                0.65111,                0.72123,                0.41347,                 1.4806,                 1.1961,                 1.4535,              0.0093862,              0.0093862,              0.0093862
                     33,                 1.3291,                 1.1149,                 1.3456,                0.73034,                0.64989,                0.71934,                0.41102,                 1.4697,                 1.1788,                 1.4453,              0.0093664,              0.0093664,              0.0093664
                     34,                 1.3225,                 1.1249,                 1.3508,                0.74699,                  0.654,                0.72725,                0.41475,                 1.4673,                 1.1739,                  1.443,              0.0093466,              0.0093466,              0.0093466
                     35,                 1.3217,                 1.1163,                  1.342,                0.74304,                0.65139,                0.72474,                0.41512,                 1.4703,                 1.1806,                 1.4499,              0.0093268,              0.0093268,              0.0093268
                     36,                 1.3159,                 1.1049,                 1.3387,                0.73442,                0.65876,                 0.7293,                0.41975,                  1.471,                 1.1641,                 1.4484,               0.009307,               0.009307,               0.009307
                     37,                 1.3141,                 1.1029,                 1.3356,                0.74786,                 0.6581,                0.72986,                0.41967,                 1.4528,                 1.1691,                 1.4376,              0.0092872,              0.0092872,              0.0092872
                     38,                 1.3052,                 1.0971,                 1.3342,                0.74892,                0.65229,                0.72655,                0.41777,                 1.4562,                 1.1693,                 1.4382,              0.0092674,              0.0092674,              0.0092674
                     39,                 1.2979,                  1.071,                 1.3236,                0.73764,                0.66375,                0.72585,                0.42125,                 1.4551,                 1.1584,                 1.4379,              0.0092476,              0.0092476,              0.0092476
                     40,                 1.2991,                 1.0739,                 1.3282,                0.74546,                0.66378,                0.73384,                0.42328,                 1.4488,                 1.1567,                 1.4309,              0.0092278,              0.0092278,              0.0092278
                     41,                 1.3027,                 1.0699,                 1.3288,                0.75158,                0.66112,                0.73542,                0.42475,                 1.4478,                 1.1493,                 1.4298,               0.009208,               0.009208,               0.009208
                     42,                 1.2921,                 1.0663,                 1.3162,                0.75032,                0.66226,                 0.7305,                0.42134,                 1.4464,                 1.1602,                 1.4351,              0.0091882,              0.0091882,              0.0091882
                     43,                 1.2942,                 1.0659,                 1.3197,                0.74831,                0.66776,                0.73812,                0.42598,                 1.4482,                  1.139,                 1.4338,              0.0091684,              0.0091684,              0.0091684
                     44,                 1.2908,                  1.065,                   1.32,                 0.7488,                  0.669,                0.74092,                0.42721,                 1.4482,                 1.1326,                 1.4352,              0.0091486,              0.0091486,              0.0091486
                     45,                 1.2838,                   1.05,                 1.3124,                0.74406,                0.67359,                0.73873,                0.43044,                 1.4365,                 1.1267,                 1.4267,              0.0091288,              0.0091288,              0.0091288
                     46,                  1.283,                 1.0462,                 1.3116,                 0.7511,                0.67498,                0.73967,                0.42856,                 1.4395,                 1.1269,                 1.4278,               0.009109,               0.009109,               0.009109
                     47,                   1.28,                 1.0551,                 1.3094,                0.74225,                0.67661,                0.73784,                0.42975,                  1.438,                 1.1255,                 1.4235,              0.0090892,              0.0090892,              0.0090892
                     48,                 1.2763,                 1.0362,                 1.3078,                0.76263,                0.67206,                0.74309,                0.43139,                 1.4412,                 1.1183,                 1.4284,              0.0090694,              0.0090694,              0.0090694
                     49,                 1.2709,                  1.034,                 1.3029,                0.75606,                0.67555,                0.74238,                0.42958,                 1.4392,                 1.1162,                 1.4279,              0.0090496,              0.0090496,              0.0090496
                     50,                 1.2682,                 1.0265,                 1.3004,                0.74761,                0.68557,                0.74003,                0.43091,                 1.4393,                  1.124,                 1.4283,              0.0090298,              0.0090298,              0.0090298
                     51,                 1.2693,                 1.0343,                  1.303,                0.74408,                0.68112,                0.74417,                0.43236,                 1.4393,                 1.1157,                 1.4239,                0.00901,                0.00901,                0.00901
                     52,                  1.265,                  1.019,                 1.2995,                0.73959,                0.67998,                0.74083,                0.43285,                 1.4317,                 1.1141,                 1.4183,              0.0089902,              0.0089902,              0.0089902
                     53,                 1.2604,                  1.012,                 1.2946,                0.74214,                0.68269,                0.74421,                0.43535,                 1.4273,                 1.1099,                 1.4135,              0.0089704,              0.0089704,              0.0089704
                     54,                 1.2525,                 1.0142,                 1.2941,                0.73855,                0.68265,                0.74114,                0.43295,                 1.4299,                 1.1156,                 1.4173,              0.0089506,              0.0089506,              0.0089506
                     55,                 1.2544,                 1.0138,                 1.2946,                0.74004,                0.68615,                0.74062,                0.43228,                 1.4334,                 1.1126,                 1.4209,              0.0089308,              0.0089308,              0.0089308
                     56,                 1.2543,                 1.0008,                 1.2907,                0.74599,                0.68622,                0.74398,                0.43385,                 1.4335,                 1.1047,                 1.4197,               0.008911,               0.008911,               0.008911
                     57,                 1.2558,                 1.0018,                 1.2924,                0.74982,                0.68474,                0.74715,                0.43518,                 1.4355,                 1.0966,                  1.419,              0.0088912,              0.0088912,              0.0088912
                     58,                 1.2481,                0.99062,                 1.2848,                0.74841,                0.68328,                0.74681,                0.43566,                 1.4345,                 1.1037,                  1.418,              0.0088714,              0.0088714,              0.0088714
                     59,                 1.2468,                0.99211,                  1.284,                0.74671,                0.68042,                0.74421,                0.43548,                 1.4325,                 1.1021,                 1.4194,              0.0088516,              0.0088516,              0.0088516
                     60,                 1.2465,                0.99066,                 1.2818,                0.74766,                0.67956,                0.74475,                0.43578,                 1.4323,                 1.1017,                 1.4174,              0.0088318,              0.0088318,              0.0088318
                     61,                 1.2453,                0.97907,                  1.284,                0.75205,                0.68061,                0.74709,                0.43632,                 1.4301,                 1.1001,                 1.4147,               0.008812,               0.008812,               0.008812
                     62,                 1.2408,                0.97717,                 1.2823,                0.75402,                0.67908,                0.74639,                0.43696,                 1.4291,                 1.1015,                 1.4137,              0.0087922,              0.0087922,              0.0087922
                     63,                 1.2363,                0.96867,                 1.2743,                0.74669,                0.68765,                0.74925,                0.43888,                 1.4308,                 1.0981,                 1.4138,              0.0087724,              0.0087724,              0.0087724
                     64,                 1.2318,                0.97436,                 1.2744,                0.75114,                0.68815,                0.74888,                  0.439,                 1.4285,                 1.0953,                 1.4137,              0.0087526,              0.0087526,              0.0087526
                     65,                 1.2304,                0.97298,                 1.2759,                0.75117,                0.68648,                0.74871,                 0.4388,                 1.4323,                 1.0928,                 1.4192,              0.0087328,              0.0087328,              0.0087328
                     66,                 1.2258,                0.95966,                 1.2694,                0.75506,                0.68514,                0.74826,                0.43808,                 1.4327,                  1.096,                 1.4194,               0.008713,               0.008713,               0.008713
                     67,                 1.2274,                0.95859,                 1.2722,                0.75726,                0.69236,                0.74884,                0.43796,                 1.4299,                 1.0931,                 1.4167,              0.0086932,              0.0086932,              0.0086932
                     68,                 1.2253,                0.96078,                 1.2737,                0.75832,                0.69168,                0.74973,                0.43859,                 1.4299,                 1.0895,                 1.4171,              0.0086734,              0.0086734,              0.0086734
                     69,                 1.2153,                0.95363,                 1.2687,                0.75694,                0.68858,                0.74873,                0.43884,                 1.4302,                 1.0885,                 1.4173,              0.0086536,              0.0086536,              0.0086536
                     70,                 1.2143,                0.94061,                 1.2622,                 0.7563,                0.68959,                0.74896,                0.43889,                 1.4326,                 1.0861,                 1.4202,              0.0086338,              0.0086338,              0.0086338
                     71,                 1.2127,                0.94776,                  1.264,                0.75583,                0.68502,                0.74822,                0.43996,                 1.4317,                  1.087,                 1.4194,               0.008614,               0.008614,               0.008614
                     72,                 1.2129,                0.94056,                 1.2618,                 0.7562,                0.68583,                0.74837,                0.44028,                 1.4312,                 1.0866,                 1.4194,              0.0085942,              0.0085942,              0.0085942
                     73,                 1.2069,                0.93139,                 1.2558,                0.75446,                0.68855,                0.74835,                0.44066,                 1.4308,                 1.0853,                 1.4189,              0.0085744,              0.0085744,              0.0085744
                     74,                  1.215,                0.94257,                 1.2615,                0.75336,                0.69098,                 0.7495,                 0.4406,                 1.4306,                 1.0861,                 1.4178,              0.0085546,              0.0085546,              0.0085546
                     75,                 1.2096,                0.93044,                 1.2558,                0.75264,                 0.6913,                0.74996,                0.44098,                 1.4297,                 1.0862,                 1.4177,              0.0085348,              0.0085348,              0.0085348
                     76,                 1.1974,                0.91761,                 1.2502,                0.75075,                0.69081,                0.75011,                0.44184,                 1.4289,                 1.0835,                 1.4172,               0.008515,               0.008515,               0.008515
                     77,                 1.1962,                0.91876,                 1.2541,                0.75177,                0.69115,                0.75003,                0.44157,                 1.4285,                 1.0851,                 1.4175,              0.0084952,              0.0084952,              0.0084952
                     78,                 1.2063,                0.92231,                 1.2574,                0.74754,                0.69487,                0.75005,                 0.4418,                 1.4275,                 1.0848,                  1.418,              0.0084754,              0.0084754,              0.0084754
                     79,                 1.2044,                 0.9173,                 1.2531,                0.75599,                0.68937,                 0.7505,                0.44138,                 1.4275,                 1.0841,                 1.4181,              0.0084556,              0.0084556,              0.0084556
                     80,                 1.1978,                0.91782,                 1.2487,                0.74985,                0.69499,                0.74969,                0.44183,                  1.428,                 1.0839,                 1.4186,              0.0084358,              0.0084358,              0.0084358
                     81,                 1.1964,                0.91386,                 1.2517,                0.74886,                0.69618,                0.74957,                0.44191,                 1.4284,                 1.0826,                 1.4193,               0.008416,               0.008416,               0.008416
                     82,                 1.1928,                 0.9057,                 1.2491,                0.74955,                0.69832,                0.75009,                0.44216,                 1.4281,                 1.0819,                  1.419,              0.0083962,              0.0083962,              0.0083962
                     83,                 1.1908,                0.90844,                 1.2443,                0.75036,                0.69812,                0.74986,                0.44237,                 1.4277,                 1.0803,                 1.4185,              0.0083764,              0.0083764,              0.0083764
                     84,                 1.1892,                0.90369,                  1.245,                0.75312,                0.69547,                0.75014,                0.44265,                 1.4278,                 1.0815,                 1.4197,              0.0083566,              0.0083566,              0.0083566
                     85,                 1.1858,                0.89865,                 1.2396,                 0.7521,                0.69491,                0.75011,                0.44248,                 1.4289,                 1.0805,                 1.4203,              0.0083368,              0.0083368,              0.0083368
                     86,                 1.1866,                0.89604,                 1.2412,                0.75361,                 0.6943,                 0.7506,                0.44212,                 1.4292,                 1.0802,                 1.4205,               0.008317,               0.008317,               0.008317
                     87,                 1.1856,                0.89908,                 1.2368,                 0.7549,                0.69371,                0.75087,                0.44244,                 1.4289,                   1.08,                 1.4197,              0.0082972,              0.0082972,              0.0082972
                     88,                 1.1792,                0.88999,                 1.2321,                0.75162,                  0.696,                0.75083,                0.44185,                 1.4287,                   1.08,                 1.4197,              0.0082774,              0.0082774,              0.0082774
                     89,                 1.1787,                0.88191,                 1.2336,                0.75398,                 0.6961,                0.75072,                0.44243,                 1.4295,                 1.0791,                 1.4203,              0.0082576,              0.0082576,              0.0082576
                     90,                 1.1784,                0.88156,                 1.2343,                0.75254,                0.69602,                0.75085,                0.44276,                 1.4291,                 1.0792,                 1.4195,              0.0082378,              0.0082378,              0.0082378
                     91,                 1.1774,                0.89118,                 1.2328,                0.75314,                0.69567,                0.75088,                0.44263,                 1.4288,                 1.0797,                 1.4193,               0.008218,               0.008218,               0.008218
                     92,                  1.175,                0.87469,                 1.2325,                0.75205,                0.69734,                0.75142,                0.44317,                 1.4277,                 1.0787,                 1.4184,              0.0081982,              0.0081982,              0.0081982
                     93,                 1.1684,                0.88147,                 1.2293,                0.75438,                0.69526,                0.75148,                0.44346,                 1.4282,                 1.0776,                 1.4191,              0.0081784,              0.0081784,              0.0081784
                     94,                 1.1685,                0.87802,                 1.2281,                0.75177,                0.69779,                0.75139,                0.44368,                 1.4285,                 1.0776,                 1.4194,              0.0081586,              0.0081586,              0.0081586
                     95,                 1.1645,                 0.8708,                 1.2261,                 0.7539,                0.69693,                0.75208,                0.44348,                 1.4286,                 1.0772,                 1.4191,              0.0081388,              0.0081388,              0.0081388
                     96,                 1.1698,                0.88148,                 1.2292,                0.75246,                0.69907,                0.75237,                0.44342,                 1.4285,                 1.0773,                  1.419,               0.008119,               0.008119,               0.008119
                     97,                  1.167,                0.86665,                 1.2284,                0.75262,                0.70031,                0.75252,                0.44381,                 1.4287,                 1.0763,                  1.419,              0.0080992,              0.0080992,              0.0080992
                     98,                  1.157,                0.86318,                 1.2158,                0.75869,                0.69639,                0.75201,                0.44378,                 1.4287,                 1.0762,                 1.4188,              0.0080794,              0.0080794,              0.0080794
                     99,                 1.1614,                0.85872,                 1.2256,                0.76061,                0.69687,                0.75192,                 0.4436,                 1.4287,                 1.0762,                 1.4185,              0.0080596,              0.0080596,              0.0080596
                    100,                 1.1607,                0.85724,                 1.2219,                0.76017,                0.69521,                0.75272,                0.44372,                 1.4294,                 1.0754,                  1.419,              0.0080398,              0.0080398,              0.0080398
                    101,                 1.1584,                0.85754,                 1.2175,                0.75903,                0.69696,                0.75191,                0.44375,                 1.4303,                 1.0752,                 1.4195,                0.00802,                0.00802,                0.00802
                    102,                 1.1594,                0.86211,                 1.2208,                0.75802,                0.69674,                0.75224,                0.44416,                 1.4302,                 1.0747,                 1.4192,              0.0080002,              0.0080002,              0.0080002
                    103,                 1.1583,                0.85223,                 1.2149,                0.75675,                0.69722,                0.75242,                0.44376,                 1.4302,                 1.0751,                 1.4191,              0.0079804,              0.0079804,              0.0079804
                    104,                 1.1526,                0.85165,                 1.2156,                0.75618,                0.69768,                0.75306,                  0.444,                 1.4299,                 1.0753,                 1.4188,              0.0079606,              0.0079606,              0.0079606
                    105,                 1.1501,                0.84056,                 1.2146,                0.75594,                0.69871,                0.75284,                0.44408,                 1.4302,                 1.0747,                 1.4192,              0.0079408,              0.0079408,              0.0079408
                    106,                 1.1489,                0.84414,                 1.2137,                0.75615,                0.69929,                0.75303,                 0.4442,                   1.43,                 1.0749,                 1.4193,               0.007921,               0.007921,               0.007921
                    107,                  1.148,                0.85598,                 1.2178,                0.75759,                0.69921,                0.75303,                0.44393,                 1.4306,                 1.0744,                 1.4198,              0.0079012,              0.0079012,              0.0079012
                    108,                 1.1447,                0.84531,                 1.2149,                0.75643,                0.69868,                0.75219,                0.44401,                 1.4309,                 1.0749,                 1.4201,              0.0078814,              0.0078814,              0.0078814
                    109,                 1.1395,                0.83456,                 1.2095,                0.75682,                0.69896,                0.75219,                0.44395,                 1.4308,                 1.0746,                   1.42,              0.0078616,              0.0078616,              0.0078616
                    110,                 1.1441,                0.83799,                 1.2094,                0.75632,                0.69838,                 0.7518,                0.44383,                 1.4311,                 1.0737,                 1.4203,              0.0078418,              0.0078418,              0.0078418
                    111,                 1.1393,                0.83653,                 1.2075,                0.75343,                0.69847,                0.75149,                0.44408,                 1.4308,                 1.0738,                 1.4204,               0.007822,               0.007822,               0.007822
                    112,                 1.1467,                0.83448,                 1.2061,                0.75129,                0.69934,                0.75138,                0.44449,                 1.4307,                 1.0733,                 1.4203,              0.0078022,              0.0078022,              0.0078022
                    113,                 1.1317,                0.83273,                 1.1999,                0.75092,                0.69995,                0.75114,                0.44443,                 1.4307,                 1.0729,                 1.4201,              0.0077824,              0.0077824,              0.0077824
                    114,                 1.1373,                0.83554,                 1.2061,                0.75002,                0.69879,                0.75016,                0.44426,                 1.4307,                 1.0726,                 1.4198,              0.0077626,              0.0077626,              0.0077626
                    115,                 1.1326,                0.83605,                 1.1986,                0.75025,                0.69928,                 0.7504,                0.44444,                 1.4298,                 1.0725,                 1.4193,              0.0077428,              0.0077428,              0.0077428
                    116,                 1.1319,                0.82617,                 1.2024,                0.74829,                0.69983,                0.75007,                0.44411,                 1.4298,                 1.0719,                 1.4193,               0.007723,               0.007723,               0.007723
                    117,                 1.1283,                 0.8285,                 1.1988,                0.74921,                 0.7008,                0.74967,                0.44459,                 1.4296,                 1.0711,                 1.4191,              0.0077032,              0.0077032,              0.0077032
                    118,                 1.1325,                0.82655,                 1.2014,                0.75015,                    0.7,                 0.7497,                0.44474,                 1.4296,                 1.0706,                 1.4189,              0.0076834,              0.0076834,              0.0076834
                    119,                  1.133,                0.83308,                 1.2023,                0.75007,                0.69917,                0.74934,                0.44462,                 1.4296,                 1.0704,                 1.4189,              0.0076636,              0.0076636,              0.0076636
                    120,                 1.1319,                 0.8241,                 1.1996,                0.75312,                0.69754,                0.74904,                 0.4448,                  1.429,                 1.0699,                 1.4186,              0.0076438,              0.0076438,              0.0076438
                    121,                 1.1241,                0.81777,                 1.1977,                0.75407,                0.69831,                0.74946,                0.44481,                  1.429,                 1.0698,                  1.419,               0.007624,               0.007624,               0.007624
                    122,                 1.1177,                0.81477,                  1.192,                0.75165,                0.69989,                0.74939,                0.44466,                 1.4288,                 1.0693,                 1.4191,              0.0076042,              0.0076042,              0.0076042
                    123,                 1.1197,                0.81219,                 1.1914,                0.75228,                0.69934,                0.74936,                0.44443,                 1.4288,                 1.0692,                 1.4195,              0.0075844,              0.0075844,              0.0075844
                    124,                  1.112,                0.80903,                 1.1925,                0.75471,                0.69863,                0.74983,                0.44475,                 1.4284,                 1.0683,                 1.4197,              0.0075646,              0.0075646,              0.0075646
                    125,                 1.1156,                0.80335,                 1.1877,                0.75154,                0.70203,                0.75015,                0.44449,                 1.4286,                  1.068,                 1.4198,              0.0075448,              0.0075448,              0.0075448
                    126,                 1.1166,                0.80915,                 1.1893,                0.75103,                0.70239,                 0.7498,                0.44454,                 1.4284,                 1.0679,                 1.4194,               0.007525,               0.007525,               0.007525
                    127,                 1.1143,                0.81107,                 1.1886,                0.75243,                0.70271,                0.75006,                0.44433,                 1.4282,                  1.068,                  1.419,              0.0075052,              0.0075052,              0.0075052
                    128,                 1.1109,                0.80314,                 1.1874,                0.75187,                0.70304,                0.75012,                0.44456,                 1.4282,                 1.0679,                 1.4189,              0.0074854,              0.0074854,              0.0074854
                    129,                 1.1141,                0.80908,                 1.1893,                0.75305,                0.70304,                 0.7508,                0.44471,                 1.4281,                 1.0674,                 1.4187,              0.0074656,              0.0074656,              0.0074656
                    130,                 1.1112,                0.79964,                 1.1876,                0.75284,                0.70377,                 0.7509,                0.44511,                 1.4279,                 1.0673,                 1.4185,              0.0074458,              0.0074458,              0.0074458
                    131,                 1.1056,                0.80184,                 1.1877,                 0.7528,                0.70384,                0.75081,                0.44482,                 1.4277,                 1.0674,                 1.4184,               0.007426,               0.007426,               0.007426
                    132,                 1.1115,                0.79145,                 1.1819,                0.75463,                 0.7002,                0.75108,                0.44521,                 1.4279,                 1.0667,                 1.4186,              0.0074062,              0.0074062,              0.0074062
                    133,                 1.1081,                0.80092,                 1.1844,                0.75381,                0.70029,                0.75027,                0.44531,                 1.4285,                 1.0659,                 1.4193,              0.0073864,              0.0073864,              0.0073864
                    134,                 1.1048,                0.79282,                 1.1855,                0.75518,                0.70007,                0.75106,                0.44544,                 1.4288,                 1.0659,                 1.4201,              0.0073666,              0.0073666,              0.0073666
                    135,                 1.1024,                0.78713,                 1.1797,                0.75671,                0.69947,                 0.7512,                0.44561,                 1.4293,                 1.0655,                 1.4205,              0.0073468,              0.0073468,              0.0073468
                    136,                 1.1011,                0.79134,                 1.1867,                0.75777,                 0.6994,                0.75168,                0.44552,                 1.4299,                 1.0652,                 1.4212,               0.007327,               0.007327,               0.007327
                    137,                 1.0985,                0.79057,                 1.1783,                 0.7571,                0.70036,                0.75173,                 0.4456,                 1.4304,                 1.0654,                 1.4216,              0.0073072,              0.0073072,              0.0073072
                    138,                 1.0974,                 0.7928,                 1.1801,                0.75452,                0.70405,                0.75152,                0.44551,                 1.4305,                 1.0654,                 1.4217,              0.0072874,              0.0072874,              0.0072874
                    139,                 1.0977,                 0.7853,                 1.1762,                0.75578,                0.70245,                0.75143,                 0.4453,                  1.431,                 1.0659,                 1.4218,              0.0072676,              0.0072676,              0.0072676
                    140,                 1.0968,                0.79073,                 1.1773,                0.75416,                0.70187,                0.75088,                0.44541,                 1.4321,                 1.0661,                 1.4227,              0.0072478,              0.0072478,              0.0072478
                    141,                 1.0953,                0.78495,                 1.1769,                0.75511,                0.70063,                0.75051,                 0.4451,                 1.4327,                 1.0663,                 1.4234,               0.007228,               0.007228,               0.007228
                    142,                 1.0879,                0.77956,                 1.1733,                0.75438,                0.70125,                0.75019,                0.44513,                 1.4334,                  1.066,                 1.4237,              0.0072082,              0.0072082,              0.0072082
                    143,                 1.0922,                0.77707,                 1.1713,                0.75707,                0.69926,                0.74997,                0.44484,                 1.4341,                 1.0662,                 1.4242,              0.0071884,              0.0071884,              0.0071884
                    144,                 1.0884,                0.77311,                 1.1734,                0.75807,                0.69886,                0.74997,                0.44538,                 1.4346,                 1.0669,                 1.4247,              0.0071686,              0.0071686,              0.0071686
                    145,                 1.0878,                0.77386,                 1.1755,                0.75472,                0.70305,                0.75032,                 0.4451,                 1.4343,                 1.0673,                 1.4247,              0.0071488,              0.0071488,              0.0071488
                    146,                 1.0853,                 0.7823,                  1.173,                0.75432,                0.70373,                0.75068,                0.44493,                 1.4348,                 1.0678,                 1.4252,               0.007129,               0.007129,               0.007129
                    147,                 1.0787,                0.77087,                 1.1707,                0.75413,                0.70356,                0.75068,                0.44493,                 1.4351,                 1.0681,                 1.4257,              0.0071092,              0.0071092,              0.0071092
                    148,                 1.0825,                 0.7746,                  1.172,                0.75893,                0.70117,                0.75085,                0.44535,                 1.4354,                 1.0678,                 1.4261,              0.0070894,              0.0070894,              0.0070894
                    149,                 1.0817,                 0.7678,                 1.1653,                0.76198,                0.69653,                0.75089,                0.44518,                 1.4362,                 1.0679,                 1.4268,              0.0070696,              0.0070696,              0.0070696
                    150,                 1.0796,                 0.7689,                 1.1665,                0.76066,                0.69892,                0.75081,                0.44522,                  1.436,                 1.0683,                 1.4264,              0.0070498,              0.0070498,              0.0070498
                    151,                 1.0842,                0.76635,                 1.1662,                0.75843,                0.70214,                 0.7513,                0.44531,                 1.4367,                 1.0684,                  1.427,                0.00703,                0.00703,                0.00703
                    152,                 1.0757,                0.76459,                 1.1648,                0.75822,                0.70264,                0.75118,                0.44511,                 1.4371,                 1.0687,                 1.4274,              0.0070102,              0.0070102,              0.0070102
                    153,                 1.0785,                 0.7632,                 1.1636,                0.75685,                0.70176,                0.75126,                0.44494,                 1.4382,                 1.0683,                 1.4284,              0.0069904,              0.0069904,              0.0069904
                    154,                 1.0774,                 0.7647,                 1.1649,                0.75651,                0.70237,                0.75136,                0.44477,                 1.4389,                 1.0685,                 1.4289,              0.0069706,              0.0069706,              0.0069706
                    155,                 1.0743,                0.75825,                  1.159,                0.75771,                0.70131,                0.75149,                0.44481,                 1.4393,                 1.0689,                 1.4296,              0.0069508,              0.0069508,              0.0069508
                    156,                 1.0747,                0.75891,                 1.1615,                0.75499,                0.70334,                 0.7513,                0.44446,                   1.44,                 1.0692,                 1.4301,               0.006931,               0.006931,               0.006931
                    157,                  1.072,                0.76182,                 1.1613,                0.75407,                0.70174,                0.75087,                0.44465,                 1.4406,                 1.0691,                 1.4308,              0.0069112,              0.0069112,              0.0069112
                    158,                 1.0739,                0.76229,                 1.1605,                0.75378,                0.70138,                0.75076,                 0.4443,                 1.4411,                 1.0697,                 1.4309,              0.0068914,              0.0068914,              0.0068914
                    159,                 1.0683,                0.75268,                 1.1563,                0.75455,                0.70158,                0.75078,                0.44473,                 1.4414,                 1.0703,                 1.4314,              0.0068716,              0.0068716,              0.0068716
                    160,                 1.0682,                0.75657,                 1.1612,                0.75904,                0.69936,                0.74948,                 0.4446,                  1.442,                 1.0702,                 1.4318,              0.0068518,              0.0068518,              0.0068518
                    161,                 1.0636,                0.75011,                 1.1577,                0.76104,                 0.6957,                0.74966,                0.44477,                 1.4418,                   1.07,                 1.4317,               0.006832,               0.006832,               0.006832
                    162,                 1.0633,                0.75217,                 1.1565,                0.76042,                0.69642,                0.74898,                0.44447,                 1.4421,                 1.0703,                 1.4319,              0.0068122,              0.0068122,              0.0068122
                    163,                 1.0669,                0.74684,                 1.1569,                0.75879,                0.69705,                0.74875,                0.44441,                 1.4425,                 1.0707,                 1.4323,              0.0067924,              0.0067924,              0.0067924
                    164,                 1.0721,                 0.7487,                 1.1571,                0.75682,                0.69824,                0.74918,                0.44424,                 1.4423,                 1.0714,                 1.4322,              0.0067726,              0.0067726,              0.0067726
                    165,                 1.0569,                0.74406,                 1.1517,                0.75506,                0.69839,                0.74916,                0.44425,                 1.4423,                 1.0715,                 1.4321,              0.0067528,              0.0067528,              0.0067528
                    166,                 1.0656,                0.74471,                 1.1549,                0.75836,                0.69725,                0.74976,                0.44365,                  1.443,                 1.0714,                 1.4327,               0.006733,               0.006733,               0.006733
                    167,                 1.0635,                0.74133,                 1.1556,                0.75835,                0.69837,                0.74964,                0.44372,                 1.4432,                 1.0717,                 1.4329,              0.0067132,              0.0067132,              0.0067132
                    168,                 1.0508,                 0.7401,                 1.1488,                0.75701,                0.69811,                0.74923,                0.44378,                 1.4438,                 1.0721,                 1.4334,              0.0066934,              0.0066934,              0.0066934
                    169,                 1.0557,                0.73771,                   1.15,                0.75591,                0.69894,                0.74923,                0.44381,                  1.444,                 1.0723,                  1.434,              0.0066736,              0.0066736,              0.0066736
                    170,                 1.0516,                0.73495,                 1.1473,                  0.758,                0.69729,                 0.7486,                 0.4436,                 1.4443,                 1.0723,                 1.4344,              0.0066538,              0.0066538,              0.0066538
                    171,                  1.061,                0.74254,                 1.1553,                0.75925,                0.69785,                0.74946,                0.44353,                  1.445,                 1.0732,                  1.435,               0.006634,               0.006634,               0.006634
                    172,                 1.0547,                0.73918,                 1.1477,                0.75714,                0.69765,                0.74901,                 0.4435,                 1.4452,                 1.0734,                 1.4356,              0.0066142,              0.0066142,              0.0066142
                    173,                 1.0471,                0.72939,                  1.149,                0.75419,                0.70058,                 0.7485,                0.44357,                 1.4456,                 1.0738,                 1.4359,              0.0065944,              0.0065944,              0.0065944
                    174,                  1.053,                0.73831,                 1.1495,                0.75576,                 0.6975,                0.74786,                0.44314,                 1.4456,                 1.0744,                  1.436,              0.0065746,              0.0065746,              0.0065746
                    175,                 1.0481,                0.73333,                 1.1474,                0.75628,                 0.6982,                  0.748,                0.44321,                 1.4461,                 1.0744,                 1.4363,              0.0065548,              0.0065548,              0.0065548
                    176,                   1.05,                0.73178,                 1.1482,                0.75637,                0.69812,                 0.7472,                0.44301,                 1.4468,                 1.0748,                 1.4369,               0.006535,               0.006535,               0.006535
                    177,                 1.0455,                0.72801,                  1.145,                0.75642,                 0.6982,                0.74677,                0.44303,                  1.447,                 1.0754,                  1.437,              0.0065152,              0.0065152,              0.0065152
                    178,                 1.0428,                0.72895,                 1.1457,                0.75799,                0.69724,                0.74685,                 0.4429,                 1.4469,                 1.0752,                  1.437,              0.0064954,              0.0064954,              0.0064954
                    179,                 1.0418,                0.72744,                 1.1418,                0.75799,                0.69746,                0.74645,                0.44296,                  1.447,                 1.0754,                 1.4372,              0.0064756,              0.0064756,              0.0064756
                    180,                  1.042,                0.72444,                 1.1381,                0.76027,                0.69637,                0.74646,                0.44274,                 1.4469,                 1.0762,                 1.4377,              0.0064558,              0.0064558,              0.0064558
                    181,                 1.0442,                0.72968,                 1.1432,                0.75951,                0.69709,                 0.7461,                0.44273,                 1.4471,                 1.0763,                  1.438,               0.006436,               0.006436,               0.006436
                    182,                 1.0444,                0.72315,                 1.1451,                0.75818,                0.69875,                0.74542,                0.44227,                 1.4479,                  1.076,                 1.4386,              0.0064162,              0.0064162,              0.0064162
                    183,                 1.0389,                0.72751,                 1.1432,                0.75868,                0.69996,                0.74567,                0.44259,                 1.4482,                 1.0766,                 1.4391,              0.0063964,              0.0063964,              0.0063964
                    184,                 1.0363,                0.71919,                  1.139,                0.75853,                0.69824,                0.74504,                0.44248,                 1.4484,                 1.0774,                 1.4394,              0.0063766,              0.0063766,              0.0063766
                    185,                 1.0358,                0.71766,                 1.1381,                0.75773,                0.69942,                0.74517,                0.44249,                 1.4486,                 1.0778,                 1.4398,              0.0063568,              0.0063568,              0.0063568
                    186,                 1.0334,                0.71881,                 1.1353,                0.75755,                0.70045,                0.74532,                0.44262,                 1.4485,                 1.0788,                 1.4394,               0.006337,               0.006337,               0.006337
                    187,                 1.0323,                0.71446,                 1.1395,                0.75719,                0.70084,                0.74504,                0.44243,                 1.4486,                 1.0795,                 1.4393,              0.0063172,              0.0063172,              0.0063172
